filename;short_id;date2;rhino;species;sample_type;rhino_sex;rhino_origin;rhino_age;sample_id;days_boma;dw;day_exp;dung_rhino;dung_sex;dung_origin;pairing_sex;pairing_origin;pairing_id
Bi1;Bi1;14/7/2024;Billie;Diceros_bicornis;Baseline;f;Thanda;4;A240-12;12;9.156;;;;;;;
Bi10;Bi10;25/8/2024;Billie;Diceros_bicornis;Baseline_2;f;Thanda;4;A240-54;54;10.34;;;;;;;
Bi2;Bi2;16/7/2024;Billie;Diceros_bicornis;Baseline;f;Thanda;4;A240-14;14;8.669;;;;;;;
Bi3;Bi3;19/7/2024;Billie;Diceros_bicornis;Baseline;f;Thanda;4;A240-17;17;8.715;;;;;;;
Bi4;Bi4;21/7/2024;Billie;Diceros_bicornis;Baseline;f;Thanda;4;A240-19;19;9.431;;;;;;;
Bi5;Bi5;23/7/2024;Billie;Diceros_bicornis;Baseline;f;Thanda;4;A240-21;21;8.572;;;;;;;
Bi6;Bi6;20/8/2024;Billie;Diceros_bicornis;Baseline_2;f;Thanda;4;A240-49;49;7.296;;;;;;;
Bi7;Bi7;22/8/2024;Billie;Diceros_bicornis;Baseline_2;f;Thanda;4;A240-51;51;13.805;;;;;;;
Bi8;Bi8;23/8/2024;Billie;Diceros_bicornis;Baseline_2;f;Thanda;4;A240-52;52;9.815;;;;;;;
Bi9;Bi9;24/8/2024;Billie;Diceros_bicornis;Baseline_2;f;Thanda;4;A240-53;53;10.757;;;;;;;
BiJo10;BiJo10;9/8/2024;Billie;Diceros_bicornis;Experiment;f;Thanda;4;A240-38;38;9.213;10;Joko;f;Ithala;ff;Th_It;Bil_Joko
BiJo11;BiJo11;10/8/2024;Billie;Diceros_bicornis;Experiment;f;Thanda;4;A240-39;39;10.735;11;Joko;f;Ithala;ff;Th_It;Bil_Joko
BiJo12;BiJo12;11/8/2024;Billie;Diceros_bicornis;Experiment;f;Thanda;4;A240-40;40;9.749;12;Joko;f;Ithala;ff;Th_It;Bil_Joko
BiMa16;BiMa16;15/8/2024;Billie;Diceros_bicornis;Experiment;f;Thanda;4;A240-44;44;9.229;16;Mafukuzela;f;Ithala;ff;Th_It;Bil_Mafu
BiMa17;BiMa17;16/8/2024;Billie;Diceros_bicornis;Experiment;f;Thanda;4;A240-45;45;7.99;17;Mafukuzela;f;Ithala;ff;Th_It;Bil_Mafu
BiMa18;BiMa18;17/8/2024;Billie;Diceros_bicornis;Experiment;f;Thanda;4;A240-46;46;8.673;18;Mafukuzela;f;Ithala;ff;Th_It;Bil_Mafu
BiMs7;BiMs7;6/8/2024;Billie;Diceros_bicornis;Experiment;f;Thanda;4;A240-35;35;8.698;7;Mshanelo;m;Ithala;fm;Th_It;Bil_Msha
BiMs8;BiMs8;7/8/2024;Billie;Diceros_bicornis;Experiment;f;Thanda;4;A240-36;36;11.97;8;Mshanelo;m;Ithala;fm;Th_It;Bil_Msha
BiMs9;BiMs9;8/8/2024;Billie;Diceros_bicornis;Experiment;f;Thanda;4;A240-37;37;10.083;9;Mshanelo;m;Ithala;fm;Th_It;Bil_Msha
BiNd1;BiNd1;31/7/2024;Billie;Diceros_bicornis;Experiment;f;Thanda;4;A240-29;29;9.402;1;Ndlebe;f;Somkhanda;ff;Th_So;Bil_Ndle
BiNd2;BiNd2;1/8/2024;Billie;Diceros_bicornis;Experiment;f;Thanda;4;A240-30;30;8.845;2;Ndlebe;f;Somkhanda;ff;Th_So;Bil_Ndle
BiNd3;BiNd3;2/8/2024;Billie;Diceros_bicornis;Experiment;f;Thanda;4;A240-31;31;10.728;3;Ndlebe;f;Somkhanda;ff;Th_So;Bil_Ndle
BiNs13;BiNs13;12/8/2024;Billie;Diceros_bicornis;Experiment;f;Thanda;4;A240-41;41;9.885;13;Nsele;m;Ithala;fm;Th_It;Bil_Nsel
BiNs14;BiNs14;13/8/2024;Billie;Diceros_bicornis;Experiment;f;Thanda;4;A240-42;42;10.501;14;Nsele;m;Ithala;fm;Th_It;Bil_Nsel
BiSo4;BiSo4;3/8/2024;Billie;Diceros_bicornis;Experiment;f;Thanda;4;A240-32;32;9.347;4;Somiso;m;Ithala;fm;Th_It;Bil_Somi
BiSo5;BiSo5;4/8/2024;Billie;Diceros_bicornis;Experiment;f;Thanda;4;A240-33;33;9.863;5;Somiso;m;Ithala;fm;Th_It;Bil_Somi
BiSo6;BiSo6;5/8/2024;Billie;Diceros_bicornis;Experiment;f;Thanda;4;A240-34;34;8.54;6;Somiso;m;Ithala;fm;Th_It;Bil_Somi
Ec1;Ec1;22/8/2024;Euclea_crispa;Euclea_crispa;Plants;;;;Euclc-01;;9.513;;;;;;;
Ec2;Ec2;22/8/2024;Euclea_crispa;Euclea_crispa;Plants;;;;Euclc-02;;8.915;;;;;;;
Ec3;Ec3;24/8/2024;Euclea_crispa;Euclea_crispa;Plants;;;;Euclc-03;;9.165;;;;;;;
Ec4;Ec4;24/8/2024;Euclea_crispa;Euclea_crispa;Plants;;;;Euclc-04;;11.381;;;;;;;
Ec5;Ec5;25/8/2024;Euclea_crispa;Euclea_crispa;Plants;;;;Euclc-05;;14.235;;;;;;;
Eu1;Eu1;21/8/2024;Euclea_undulata;Euclea_undulata;Plants;;;;Euclo-01;;10.75;;;;;;;
Eu2;Eu2;21/8/2024;Euclea_undulata;Euclea_undulata;Plants;;;;Euclo-02;;9.368;;;;;;;
Eu3;Eu3;21/8/2024;Euclea_undulata;Euclea_undulata;Plants;;;;Euclo-03;;7.729;;;;;;;
Fa1;Fa1;13/7/2024;FatAmy;Diceros_bicornis;Baseline;f;Manyoni;5;A250-11;11;8.22;;;;;;;
Fa10;Fa10;24/8/2024;FatAmy;Diceros_bicornis;Baseline_2;f;Manyoni;5;A250-53;53;8.393;;;;;;;
Fa2;Fa2;16/7/2024;FatAmy;Diceros_bicornis;Baseline;f;Manyoni;5;A250-14;14;8.717;;;;;;;
Fa3;Fa3;19/7/2024;FatAmy;Diceros_bicornis;Baseline;f;Manyoni;5;A250-17;17;10.288;;;;;;;
Fa4;Fa4;21/7/2024;FatAmy;Diceros_bicornis;Baseline;f;Manyoni;5;A250-19;19;9.2;;;;;;;
Fa5;Fa5;23/7/2024;FatAmy;Diceros_bicornis;Baseline;f;Manyoni;5;A250-21;21;8.72;;;;;;;
Fa6;Fa6;20/8/2024;FatAmy;Diceros_bicornis;Baseline_2;f;Manyoni;5;A250-49;49;10.709;;;;;;;
Fa7;Fa7;21/8/2024;FatAmy;Diceros_bicornis;Baseline_2;f;Manyoni;5;A250-50;50;8.637;;;;;;;
Fa8;Fa8;22/8/2024;FatAmy;Diceros_bicornis;Baseline_2;f;Manyoni;5;A250-51;51;9.599;;;;;;;
Fa9;Fa9;23/8/2024;FatAmy;Diceros_bicornis;Baseline_2;f;Manyoni;5;A250-52;52;9.648;;;;;;;
FaBi10;FaBi10;9/8/2024;FatAmy;Diceros_bicornis;Experiment;f;Manyoni;5;A250-38;38;10.516;10;Billie;f;Thanda;ff;Ma_Th;Fat_Bill
FaBi11;FaBi11;10/8/2024;FatAmy;Diceros_bicornis;Experiment;f;Manyoni;5;A250-39;39;9.964;11;Billie;f;Thanda;ff;Ma_Th;Fat_Bill
FaBi12;FaBi12;11/8/2024;FatAmy;Diceros_bicornis;Experiment;f;Manyoni;5;A250-40;40;10.594;12;Billie;f;Thanda;ff;Ma_Th;Fat_Bill
FaMa4;FaMa4;3/8/2024;FatAmy;Diceros_bicornis;Experiment;f;Manyoni;5;A250-32;32;8.191;4;Mafukuzela;f;Ithala;ff;Ma_It;Fat_Mafu
FaMa5;FaMa5;4/8/2024;FatAmy;Diceros_bicornis;Experiment;f;Manyoni;5;A250-33;33;9.346;5;Mafukuzela;f;Ithala;ff;Ma_It;Fat_Mafu
FaMa6;FaMa6;5/8/2024;FatAmy;Diceros_bicornis;Experiment;f;Manyoni;5;A250-34;34;8.81;6;Mafukuzela;f;Ithala;ff;Ma_It;Fat_Mafu
FaMp1;FaMp1;31/7/2024;FatAmy;Diceros_bicornis;Experiment;f;Manyoni;5;A250-29;29;8.668;1;Mpilo;m;Mpilo;fm;Ma_Mp;Fat_Mpil
FaMp2;FaMp2;1/8/2024;FatAmy;Diceros_bicornis;Experiment;f;Manyoni;5;A250-30;30;9.002;2;Mpilo;m;Mpilo;fm;Ma_Mp;Fat_Mpil
FaMp3;FaMp3;2/8/2024;FatAmy;Diceros_bicornis;Experiment;f;Manyoni;5;A250-31;31;9.948;3;Mpilo;m;Mpilo;fm;Ma_Mp;Fat_Mpil
FaNs7;FaNs7;6/8/2024;FatAmy;Diceros_bicornis;Experiment;f;Manyoni;5;A250-35;35;9.656;7;Nsele;m;Ithala;fm;Ma_It;Fat_Nsel
FaNs8;FaNs8;7/8/2024;FatAmy;Diceros_bicornis;Experiment;f;Manyoni;5;A250-36;36;9.67;8;Nsele;m;Ithala;fm;Ma_It;Fat_Nsel
FaNs9;FaNs9;8/8/2024;FatAmy;Diceros_bicornis;Experiment;f;Manyoni;5;A250-37;37;9.249;9;Nsele;m;Ithala;fm;Ma_It;Fat_Nsel
FaQa13;FaQa13;12/8/2024;FatAmy;Diceros_bicornis;Experiment;f;Manyoni;5;A250-41;41;8.692;13;Qaphela;f;Ithala;ff;Ma_It;Fat_Qaph
FaQa14;FaQa14;13/8/2024;FatAmy;Diceros_bicornis;Experiment;f;Manyoni;5;A250-42;42;8.412;14;Qaphela;f;Ithala;ff;Ma_It;Fat_Qaph
FaQa15;FaQa15;14/8/2024;FatAmy;Diceros_bicornis;Experiment;f;Manyoni;5;A250-43;43;8.402;15;Qaphela;f;Ithala;ff;Ma_It;Fat_Qaph
FaSo16;FaSo16;15/8/2024;FatAmy;Diceros_bicornis;Experiment;f;Manyoni;5;A250-44;44;8.976;16;Somiso;m;Ithala;fm;Ma_It;Fat_Somi
FaSo17;FaSo17;16/8/2024;FatAmy;Diceros_bicornis;Experiment;f;Manyoni;5;A250-45;45;7.637;17;Somiso;m;Ithala;fm;Ma_It;Fat_Somi
FaSo18;FaSo18;17/8/2024;FatAmy;Diceros_bicornis;Experiment;f;Manyoni;5;A250-46;46;8.775;18;Somiso;m;Ithala;fm;Ma_It;Fat_Somi
G1;G1;14/8/2024;Gymnosporia_senegalensis;Gymnosporia_senegalensis;Plants;;;;Gym-01;;6.563;;;;;;;
G2;G2;14/8/2024;Gymnosporia_senegalensis;Gymnosporia_senegalensis;Plants;;;;Gym-02;;7.267;;;;;;;
G3;G3;15/8/2024;Gymnosporia_senegalensis;Gymnosporia_senegalensis;Plants;;;;Gym-03;;13.34;;;;;;;
G4;G4;15/8/2024;Gymnosporia_senegalensis;Gymnosporia_senegalensis;Plants;;;;Gym-04;;4.458;;;;;;;
G5;G5;15/8/2024;Gymnosporia_senegalensis;Gymnosporia_senegalensis;Plants;;;;Gym-05;;7.311;;;;;;;
Jo1;Jo1;13/7/2024;Joko;Diceros_bicornis;Baseline;f;Ithala;5;I161-18;18;8.332;;;;;;;
Jo10;Jo10;24/8/2024;Joko;Diceros_bicornis;Baseline_2;f;Ithala;5;I161-60;60;8.463;;;;;;;
Jo2;Jo2;15/7/2024;Joko;Diceros_bicornis;Baseline;f;Ithala;5;I161-20;20;8.858;;;;;;;
Jo3;Jo3;17/7/2024;Joko;Diceros_bicornis;Baseline;f;Ithala;5;I161-22;22;8.761;;;;;;;
Jo4;Jo4;20/7/2024;Joko;Diceros_bicornis;Baseline;f;Ithala;5;I161-25;25;7.802;;;;;;;
Jo5;Jo5;22/7/2024;Joko;Diceros_bicornis;Baseline;f;Ithala;5;I161-27;27;9.633;;;;;;;
Jo6;Jo6;20/8/2024;Joko;Diceros_bicornis;Baseline_2;f;Ithala;5;I161-56;56;9.836;;;;;;;
Jo7;Jo7;21/8/2024;Joko;Diceros_bicornis;Baseline_2;f;Ithala;5;I161-57;57;8.729;;;;;;;
Jo8;Jo8;22/8/2024;Joko;Diceros_bicornis;Baseline_2;f;Ithala;5;I161-58;58;8.172;;;;;;;
Jo9;Jo9;23/8/2024;Joko;Diceros_bicornis;Baseline_2;f;Ithala;5;I161-59;59;8.022;;;;;;;
JoFa10;JoFa10;9/8/2024;Joko;Diceros_bicornis;Experiment;f;Ithala;5;I161-45;45;9.515;10;FatAmy;f;Manyoni;ff;It_Ma;Jok_FatA
JoFa11;JoFa11;10/8/2024;Joko;Diceros_bicornis;Experiment;f;Ithala;5;I161-46;46;10.287;11;FatAmy;f;Manyoni;ff;It_Ma;Jok_FatA
JoFa12;JoFa12;11/8/2024;Joko;Diceros_bicornis;Experiment;f;Ithala;5;I161-47;47;10.503;12;FatAmy;f;Manyoni;ff;It_Ma;Jok_FatA
JoMa1;JoMa1;31/7/2024;Joko;Diceros_bicornis;Experiment;f;Ithala;5;I161-36;36;9.92;1;Mafukuzela;f;Ithala;ff;It_It;Jok_Mafu
JoMa2;JoMa2;1/8/2024;Joko;Diceros_bicornis;Experiment;f;Ithala;5;I161-37;37;10.387;2;Mafukuzela;f;Ithala;ff;It_It;Jok_Mafu
JoMa3;JoMa3;2/8/2024;Joko;Diceros_bicornis;Experiment;f;Ithala;5;I161-38;38;8.413;3;Mafukuzela;f;Ithala;ff;It_It;Jok_Mafu
JoMp7;JoMp7;6/8/2024;Joko;Diceros_bicornis;Experiment;f;Ithala;5;I161-42;42;8.296;7;Mpilo;m;Mpilo;fm;It_Mp;Jok_Mpil
JoMp8;JoMp8;7/8/2024;Joko;Diceros_bicornis;Experiment;f;Ithala;5;I161-43;43;9.043;8;Mpilo;m;Mpilo;fm;It_Mp;Jok_Mpil
JoMp9;JoMp9;8/8/2024;Joko;Diceros_bicornis;Experiment;f;Ithala;5;I161-44;44;9.612;9;Mpilo;m;Mpilo;fm;It_Mp;Jok_Mpil
JoMs16;JoMs16;15/8/2024;Joko;Diceros_bicornis;Experiment;f;Ithala;5;I161-51;51;6.88;16;Mshanelo;m;Ithala;fm;It_It;Jok_Msha
JoMs17;JoMs17;16/8/2024;Joko;Diceros_bicornis;Experiment;f;Ithala;5;I161-52;52;7.287;17;Mshanelo;m;Ithala;fm;It_It;Jok_Msha
JoMs18;JoMs18;17/8/2024;Joko;Diceros_bicornis;Experiment;f;Ithala;5;I161-53;53;8.233;18;Mshanelo;m;Ithala;fm;It_It;Jok_Msha
JoQa4;JoQa4;3/8/2024;Joko;Diceros_bicornis;Experiment;f;Ithala;5;I161-39;39;8.16;4;Qaphela;f;Ithala;ff;It_It;Jok_Qaph
JoQa5;JoQa5;4/8/2024;Joko;Diceros_bicornis;Experiment;f;Ithala;5;I161-40;40;9.095;5;Qaphela;f;Ithala;ff;It_It;Jok_Qaph
JoQa6;JoQa6;5/8/2024;Joko;Diceros_bicornis;Experiment;f;Ithala;5;I161-41;41;10.251;6;Qaphela;f;Ithala;ff;It_It;Jok_Qaph
JoTh13;JoTh13;12/8/2024;Joko;Diceros_bicornis;Experiment;f;Ithala;5;I161-48;48;8.52;13;TheRock;m;Thanda;fm;It_Th;Jok_TheR
JoTh14;JoTh14;13/8/2024;Joko;Diceros_bicornis;Experiment;f;Ithala;5;I161-49;49;8.995;14;TheRock;m;Thanda;fm;It_Th;Jok_TheR
JoTh15;JoTh15;14/8/2024;Joko;Diceros_bicornis;Experiment;f;Ithala;5;I161-50;50;5.723;15;TheRock;m;Thanda;fm;It_Th;Jok_TheR
L1;L1;6/8/2024;Lucerne;Lucerne;Plants;;;;Luc-01;;8.15;;;;;;;
L2;L2;8/8/2024;Lucerne;Lucerne;Plants;;;;Luc-02;;11.271;;;;;;;
L3;L3;9/8/2024;Lucerne;Lucerne;Plants;;;;Luc-03;;12.207;;;;;;;
L4;L4;9/8/2024;Lucerne;Lucerne;Plants;;;;Luc-04;;10.158;;;;;;;
L5;L5;9/8/2024;Lucerne;Lucerne;Plants;;;;Luc-05;;8.829;;;;;;;
Ma1;Ma1;13/7/2024;Mafukuzela;Diceros_bicornis;Baseline;f;Ithala;5;I152-20;20;8.271;;;;;;;
Ma10;Ma10;24/8/2024;Mafukuzela;Diceros_bicornis;Baseline_2;f;Ithala;5;I152-62;62;12.794;;;;;;;
Ma2;Ma2;15/7/2024;Mafukuzela;Diceros_bicornis;Baseline;f;Ithala;5;I152-22;22;8.367;;;;;;;
Ma3;Ma3;17/7/2024;Mafukuzela;Diceros_bicornis;Baseline;f;Ithala;5;I152-24;24;9.878;;;;;;;
Ma4;Ma4;20/7/2024;Mafukuzela;Diceros_bicornis;Baseline;f;Ithala;5;I152-27;27;8.694;;;;;;;
Ma5;Ma5;22/7/2024;Mafukuzela;Diceros_bicornis;Baseline;f;Ithala;5;I152-29;29;9.242;;;;;;;
Ma6;Ma6;20/8/2024;Mafukuzela;Diceros_bicornis;Baseline_2;f;Ithala;5;I152-58;58;9.872;;;;;;;
Ma7;Ma7;21/8/2024;Mafukuzela;Diceros_bicornis;Baseline_2;f;Ithala;5;I152-59;59;8.414;;;;;;;
Ma8;Ma8;22/8/2024;Mafukuzela;Diceros_bicornis;Baseline_2;f;Ithala;5;I152-60;60;11.234;;;;;;;
Ma9;Ma9;23/8/2024;Mafukuzela;Diceros_bicornis;Baseline_2;f;Ithala;5;I152-61;61;7.738;;;;;;;
MaBi7;MaBi7;6/8/2024;Mafukuzela;Diceros_bicornis;Experiment;f;Ithala;5;I152-44;44;8.438;7;Billie;f;Thanda;ff;It_Th;Maf_Bill
MaBi8;MaBi8;7/8/2024;Mafukuzela;Diceros_bicornis;Experiment;f;Ithala;5;I152-45;45;9.853;8;Billie;f;Thanda;ff;It_Th;Maf_Bill
MaBi9;MaBi9;8/8/2024;Mafukuzela;Diceros_bicornis;Experiment;f;Ithala;5;I152-46;46;9.833;9;Billie;f;Thanda;ff;It_Th;Maf_Bill
MaJo16;MaJo16;15/8/2024;Mafukuzela;Diceros_bicornis;Experiment;f;Ithala;5;I152-51;53;8.058;16;Joko;f;Ithala;ff;It_It;Maf_Joko
MaJo17;MaJo17;16/8/2024;Mafukuzela;Diceros_bicornis;Experiment;f;Ithala;5;I152-54;54;6.79;17;Joko;f;Ithala;ff;It_It;Maf_Joko
MaJo18;MaJo18;17/8/2024;Mafukuzela;Diceros_bicornis;Experiment;f;Ithala;5;I152-55;55;8.052;18;Joko;f;Ithala;ff;It_It;Maf_Joko
MaMs4;MaMs4;3/8/2024;Mafukuzela;Diceros_bicornis;Experiment;f;Ithala;5;I152-41;41;9.851;4;Mshanelo;m;Ithala;fm;It_It;Maf_Msha
MaMs5;MaMs5;4/8/2024;Mafukuzela;Diceros_bicornis;Experiment;f;Ithala;5;I152-42;42;8.968;5;Mshanelo;m;Ithala;fm;It_It;Maf_Msha
MaMs6;MaMs6;5/8/2024;Mafukuzela;Diceros_bicornis;Experiment;f;Ithala;5;I152-43;43;11.63;6;Mshanelo;m;Ithala;fm;It_It;Maf_Msha
MaNd13;MaNd13;12/8/2024;Mafukuzela;Diceros_bicornis;Experiment;f;Ithala;5;I152-50;50;9.147;13;Ndlebe;f;Somkhanda;ff;It_So;Maf_Ndle
MaNd14;MaNd14;13/8/2024;Mafukuzela;Diceros_bicornis;Experiment;f;Ithala;5;I152-51;51;11.018;14;Ndlebe;f;Somkhanda;ff;It_So;Maf_Ndle
MaNd15;MaNd15;14/8/2024;Mafukuzela;Diceros_bicornis;Experiment;f;Ithala;5;I152-50;52;8.605;15;Ndlebe;f;Somkhanda;ff;It_So;Maf_Ndle
MaNs1;MaNs1;31/7/2024;Mafukuzela;Diceros_bicornis;Experiment;f;Ithala;5;I152-38;38;8.106;1;Nsele;m;Ithala;fm;It_It;Maf_Nsel
MaNs2;MaNs2;1/8/2024;Mafukuzela;Diceros_bicornis;Experiment;f;Ithala;5;I152-39;39;9.6;2;Nsele;m;Ithala;fm;It_It;Maf_Nsel
MaNs3;MaNs3;2/8/2024;Mafukuzela;Diceros_bicornis;Experiment;f;Ithala;5;I152-40;40;8.629;3;Nsele;m;Ithala;fm;It_It;Maf_Nsel
MaSo10;MaSo10;9/8/2024;Mafukuzela;Diceros_bicornis;Experiment;f;Ithala;5;I152-47;47;10.255;10;Somiso;m;Ithala;fm;It_It;Maf_Somi
MaSo11;MaSo11;10/8/2024;Mafukuzela;Diceros_bicornis;Experiment;f;Ithala;5;I152-48;48;10.706;11;Somiso;m;Ithala;fm;It_It;Maf_Somi
MaSo12;MaSo12;11/8/2024;Mafukuzela;Diceros_bicornis;Experiment;f;Ithala;5;I152-49;49;8.978;12;Somiso;m;Ithala;fm;It_It;Maf_Somi
Mp1;Mp1;14/7/2024;Mpilo;Diceros_bicornis;Baseline;m;Mpilo;5;M14-19;19;9.621;;;;;;;
Mp10;Mp10;25/8/2024;Mpilo;Diceros_bicornis;Baseline_2;m;Mpilo;5;M14-61;61;9.705;;;;;;;
Mp2;Mp2;17/7/2024;Mpilo;Diceros_bicornis;Baseline;m;Mpilo;5;M14-22;22;8.384;;;;;;;
Mp3;Mp3;19/7/2024;Mpilo;Diceros_bicornis;Baseline;m;Mpilo;5;M14-24;24;9.085;;;;;;;
Mp4;Mp4;21/7/2024;Mpilo;Diceros_bicornis;Baseline;m;Mpilo;5;M14-26;26;9.723;;;;;;;
Mp5;Mp5;23/7/2024;Mpilo;Diceros_bicornis;Baseline;m;Mpilo;5;M14-28;28;10.819;;;;;;;
Mp6;Mp6;20/8/2024;Mpilo;Diceros_bicornis;Baseline_2;m;Mpilo;5;M14-56;56;11.994;;;;;;;
Mp7;Mp7;22/8/2024;Mpilo;Diceros_bicornis;Baseline_2;m;Mpilo;5;M14-58;58;10.506;;;;;;;
Mp8;Mp8;23/8/2024;Mpilo;Diceros_bicornis;Baseline_2;m;Mpilo;5;M14-59;59;9.861;;;;;;;
Mp9;Mp9;24/8/2024;Mpilo;Diceros_bicornis;Baseline_2;m;Mpilo;5;M14-60;60;12.819;;;;;;;
MpFa4;MpFa4;3/8/2024;Mpilo;Diceros_bicornis;Experiment;m;Mpilo;5;M14-39;39;8.507;4;FatAmy;f;Manyoni;mf;Mp_Ma;Mpi_FatA
MpFa5;MpFa5;4/8/2024;Mpilo;Diceros_bicornis;Experiment;m;Mpilo;5;M14-40;40;8.818;5;FatAmy;f;Manyoni;mf;Mp_Ma;Mpi_FatA
MpFa6;MpFa6;5/8/2024;Mpilo;Diceros_bicornis;Experiment;m;Mpilo;5;M14-41;41;8.364;6;FatAmy;f;Manyoni;mf;Mp_Ma;Mpi_FatA
MpJo1;MpJo1;31/7/2024;Mpilo;Diceros_bicornis;Experiment;m;Mpilo;5;M14-36;36;8.708;1;Joko;f;Ithala;mf;Mp_It;Mpi_Joko
MpJo2;MpJo2;1/8/2024;Mpilo;Diceros_bicornis;Experiment;m;Mpilo;5;M14-37;37;8.903;2;Joko;f;Ithala;mf;Mp_It;Mpi_Joko
MpJo3;MpJo3;2/8/2024;Mpilo;Diceros_bicornis;Experiment;m;Mpilo;5;M14-38;38;9.509;3;Joko;f;Ithala;mf;Mp_It;Mpi_Joko
MpNs10;MpNs10;9/8/2024;Mpilo;Diceros_bicornis;Experiment;m;Mpilo;5;M14-45;45;7.598;10;Nsele;m;Ithala;mm;Mp_It;Mpi_Nsel
MpNs11;MpNs11;10/8/2024;Mpilo;Diceros_bicornis;Experiment;m;Mpilo;5;M14-46;46;12.201;11;Nsele;m;Ithala;mm;Mp_It;Mpi_Nsel
MpNs12;MpNs12;11/8/2024;Mpilo;Diceros_bicornis;Experiment;m;Mpilo;5;M14-47;47;10.525;12;Nsele;m;Ithala;mm;Mp_It;Mpi_Nsel
MpQa7;MpQa7;6/8/2024;Mpilo;Diceros_bicornis;Experiment;m;Mpilo;5;M14-42;42;10.483;7;Qaphela;f;Ithala;mf;Mp_It;Mpi_Qaph
MpQa8;MpQa8;7/8/2024;Mpilo;Diceros_bicornis;Experiment;m;Mpilo;5;M14-43;43;10.377;8;Qaphela;f;Ithala;mf;Mp_It;Mpi_Qaph
MpQa9;MpQa9;8/8/2024;Mpilo;Diceros_bicornis;Experiment;m;Mpilo;5;M14-44;44;9.028;9;Qaphela;f;Ithala;mf;Mp_It;Mpi_Qaph
MpSo13;MpSo13;12/8/2024;Mpilo;Diceros_bicornis;Experiment;m;Mpilo;5;M14-48;48;9.348;13;Somiso;m;Ithala;mm;Mp_It;Mpi_Somi
MpSo14;MpSo14;13/8/2024;Mpilo;Diceros_bicornis;Experiment;m;Mpilo;5;M14-49;49;9.322;14;Somiso;m;Ithala;mm;Mp_It;Mpi_Somi
MpSo15;MpSo15;14/8/2024;Mpilo;Diceros_bicornis;Experiment;m;Mpilo;5;M14-50;50;8.655;15;Somiso;m;Ithala;mm;Mp_It;Mpi_Somi
MpTh16;MpTh16;15/8/2024;Mpilo;Diceros_bicornis;Experiment;m;Mpilo;5;M14-51;51;9.04;16;TheRock;m;Thanda;mm;Mp_Th;Mpi_TheR
MpTh17;MpTh17;16/8/2024;Mpilo;Diceros_bicornis;Experiment;m;Mpilo;5;M14-52;52;7.693;17;TheRock;m;Thanda;mm;Mp_Th;Mpi_TheR
MpTh18;MpTh18;17/8/2024;Mpilo;Diceros_bicornis;Experiment;m;Mpilo;5;M14-53;53;7.038;18;TheRock;m;Thanda;mm;Mp_Th;Mpi_TheR
Ms1;Ms1;13/7/2024;Mshanelo;Diceros_bicornis;Baseline;m;Ithala;6;I153-20;20;8.617;;;;;;;
Ms10;Ms10;24/8/2024;Mshanelo;Diceros_bicornis;Baseline_2;m;Ithala;6;I153-62;62;12.181;;;;;;;
Ms2;Ms2;15/7/2024;Mshanelo;Diceros_bicornis;Baseline;m;Ithala;6;I153-22;22;9.463;;;;;;;
Ms3;Ms3;17/7/2024;Mshanelo;Diceros_bicornis;Baseline;m;Ithala;6;I153-24;24;8.8;;;;;;;
Ms4;Ms4;20/7/2024;Mshanelo;Diceros_bicornis;Baseline;m;Ithala;6;I153-27;27;9.414;;;;;;;
Ms5;Ms5;22/7/2024;Mshanelo;Diceros_bicornis;Baseline;m;Ithala;6;I153-29;29;9.579;;;;;;;
Ms6;Ms6;20/8/2024;Mshanelo;Diceros_bicornis;Baseline_2;m;Ithala;6;I153-58;58;15.133;;;;;;;
Ms7;Ms7;21/8/2024;Mshanelo;Diceros_bicornis;Baseline_2;m;Ithala;6;I153-59;59;12.382;;;;;;;
Ms8;Ms8;22/8/2024;Mshanelo;Diceros_bicornis;Baseline_2;m;Ithala;6;I153-60;60;8.284;;;;;;;
Ms9;Ms9;23/8/2024;Mshanelo;Diceros_bicornis;Baseline_2;m;Ithala;6;I153-61;61;9.547;;;;;;;
MsFa1;MsFa1;31/7/2024;Mshanelo;Diceros_bicornis;Experiment;m;Ithala;6;I153-38;38;8.608;1;FatAmy;f;Manyoni;mf;It_Ma;Msh_FatA
MsFa2;MsFa2;1/8/2024;Mshanelo;Diceros_bicornis;Experiment;m;Ithala;6;I153-39;39;8.63;2;FatAmy;f;Manyoni;mf;It_Ma;Msh_FatA
MsFa3;MsFa3;2/8/2024;Mshanelo;Diceros_bicornis;Experiment;m;Ithala;6;I153-40;40;10.168;3;FatAmy;f;Manyoni;mf;It_Ma;Msh_FatA
MsJo7;MsJo7;6/8/2024;Mshanelo;Diceros_bicornis;Experiment;m;Ithala;6;I153-44;44;8.694;7;Joko;f;Ithala;mf;It_It;Msh_Joko
MsJo8;MsJo8;7/8/2024;Mshanelo;Diceros_bicornis;Experiment;m;Ithala;6;I153-45;45;9.367;8;Joko;f;Ithala;mf;It_It;Msh_Joko
MsJo9;MsJo9;8/8/2024;Mshanelo;Diceros_bicornis;Experiment;m;Ithala;6;I153-46;46;10.381;9;Joko;f;Ithala;mf;It_It;Msh_Joko
MsMp13;MsMp13;12/8/2024;Mshanelo;Diceros_bicornis;Experiment;m;Ithala;6;I153-50;50;9.705;13;Mpilo;m;Mpilo;mm;It_Mp;Msh_Mpil
MsMp14;MsMp14;13/8/2024;Mshanelo;Diceros_bicornis;Experiment;m;Ithala;6;I153-51;51;10.958;14;Mpilo;m;Mpilo;mm;It_Mp;Msh_Mpil
MsMp15;MsMp15;14/8/2024;Mshanelo;Diceros_bicornis;Experiment;m;Ithala;6;I153-52;52;7.868;15;Mpilo;m;Mpilo;mm;It_Mp;Msh_Mpil
MsNd10;MsNd10;9/8/2024;Mshanelo;Diceros_bicornis;Experiment;m;Ithala;6;I153-47;47;10.021;10;Ndlebe;f;Somkhanda;mf;It_So;Msh_Ndle
MsNd11;MsNd11;10/8/2024;Mshanelo;Diceros_bicornis;Experiment;m;Ithala;6;I153-48;48;10.113;11;Ndlebe;f;Somkhanda;mf;It_So;Msh_Ndle
MsNd12;MsNd12;11/8/2024;Mshanelo;Diceros_bicornis;Experiment;m;Ithala;6;I153-49;49;9.088;12;Ndlebe;f;Somkhanda;mf;It_So;Msh_Ndle
MsNs16;MsNs16;15/8/2024;Mshanelo;Diceros_bicornis;Experiment;m;Ithala;6;I153-53;53;7.829;16;Nsele;m;Ithala;mm;It_It;Msh_Nsel
MsNs17;MsNs17;16/8/2024;Mshanelo;Diceros_bicornis;Experiment;m;Ithala;6;I153-54;54;7.909;17;Nsele;m;Ithala;mm;It_It;Msh_Nsel
MsNs18;MsNs18;17/8/2024;Mshanelo;Diceros_bicornis;Experiment;m;Ithala;6;I153-55;55;8.887;18;Nsele;m;Ithala;mm;It_It;Msh_Nsel
MsTh4;MsTh4;3/8/2024;Mshanelo;Diceros_bicornis;Experiment;m;Ithala;6;I153-41;41;8.471;4;TheRock;m;Thanda;mm;It_Th;Msh_TheR
MsTh5;MsTh5;4/8/2024;Mshanelo;Diceros_bicornis;Experiment;m;Ithala;6;I153-42;42;9.068;5;TheRock;m;Thanda;mm;It_Th;Msh_TheR
MsTh6;MsTh6;5/8/2024;Mshanelo;Diceros_bicornis;Experiment;m;Ithala;6;I153-43;43;9.059;6;TheRock;m;Thanda;mm;It_Th;Msh_TheR
Nd1;Nd1;13/7/2024;Ndlebe;Diceros_bicornis;Baseline;f;Somkhanda;8;SKBF50-17;17;9.02;;;;;;;
Nd10;Nd10;25/8/2024;Ndlebe;Diceros_bicornis;Baseline_2;f;Somkhanda;8;SKBF50-60;60;10.266;;;;;;;
Nd2;Nd2;16/7/2024;Ndlebe;Diceros_bicornis;Baseline;f;Somkhanda;8;SKBF50-20;20;9.287;;;;;;;
Nd3;Nd3;19/7/2024;Ndlebe;Diceros_bicornis;Baseline;f;Somkhanda;8;SKBF50-23;23;10.034;;;;;;;
Nd4;Nd4;21/7/2024;Ndlebe;Diceros_bicornis;Baseline;f;Somkhanda;8;SKBF50-25;25;9.096;;;;;;;
Nd5;Nd5;23/7/2024;Ndlebe;Diceros_bicornis;Baseline;f;Somkhanda;8;SKBF50-27;27;10.771;;;;;;;
Nd6;Nd6;20/8/2024;Ndlebe;Diceros_bicornis;Baseline_2;f;Somkhanda;8;SKBF50-55;55;12.865;;;;;;;
Nd7;Nd7;22/8/2024;Ndlebe;Diceros_bicornis;Baseline_2;f;Somkhanda;8;SKBF50-57;57;7.513;;;;;;;
Nd8;Nd8;23/8/2024;Ndlebe;Diceros_bicornis;Baseline_2;f;Somkhanda;8;SKBF50-58;58;8.912;;;;;;;
Nd9;Nd9;24/8/2024;Ndlebe;Diceros_bicornis;Baseline_2;f;Somkhanda;8;SKBF50-59;59;9.21;;;;;;;
NdBi16;NdBi16;15/8/2024;Ndlebe;Diceros_bicornis;Experiment;f;Somkhanda;8;SKBF50-50;50;6.996;16;Billie;f;Thanda;ff;So_Th;Ndl_Bill
NdBi17;NdBi17;16/8/2024;Ndlebe;Diceros_bicornis;Experiment;f;Somkhanda;8;SKBF50-51;51;6.235;17;Billie;f;Thanda;ff;So_Th;Ndl_Bill
NdBi18;NdBi18;17/8/2024;Ndlebe;Diceros_bicornis;Experiment;f;Somkhanda;8;SKBF50-52;52;9.48;18;Billie;f;Thanda;ff;So_Th;Ndl_Bill
NdJo7;NdJo7;6/8/2024;Ndlebe;Diceros_bicornis;Experiment;f;Somkhanda;8;SKBF50-41;41;8.905;7;Joko;f;Ithala;ff;So_It;Ndl_Joko
NdJo8;NdJo8;7/8/2024;Ndlebe;Diceros_bicornis;Experiment;f;Somkhanda;8;SKBF50-42;42;10.217;8;Joko;f;Ithala;ff;So_It;Ndl_Joko
NdJo9;NdJo9;8/8/2024;Ndlebe;Diceros_bicornis;Experiment;f;Somkhanda;8;SKBF50-43;43;8.521;9;Joko;f;Ithala;ff;So_It;Ndl_Joko
NdNs4;NdNs4;3/8/2024;Ndlebe;Diceros_bicornis;Experiment;f;Somkhanda;8;SKBF50-38;38;8.377;4;Nsele;m;Ithala;fm;So_It;Ndl_Nsel
NdNs5;NdNs5;4/8/2024;Ndlebe;Diceros_bicornis;Experiment;f;Somkhanda;8;SKBF50-39;39;10.146;5;Nsele;m;Ithala;fm;So_It;Ndl_Nsel
NdNs6;NdNs6;5/8/2024;Ndlebe;Diceros_bicornis;Experiment;f;Somkhanda;8;SKBF50-40;40;8.417;6;Nsele;m;Ithala;fm;So_It;Ndl_Nsel
NdQa10;NdQa10;9/8/2024;Ndlebe;Diceros_bicornis;Experiment;f;Somkhanda;8;SKBF50-44;44;8.657;10;Qaphela;f;Ithala;ff;So_It;Ndl_Qaph
NdQa11;NdQa11;10/8/2024;Ndlebe;Diceros_bicornis;Experiment;f;Somkhanda;8;SKBF50-45;45;8.971;11;Qaphela;f;Ithala;ff;So_It;Ndl_Qaph
NdQa12;NdQa12;11/8/2024;Ndlebe;Diceros_bicornis;Experiment;f;Somkhanda;8;SKBF50-46;46;9.442;12;Qaphela;f;Ithala;ff;So_It;Ndl_Qaph
NdSo13;NdSo13;12/8/2024;Ndlebe;Diceros_bicornis;Experiment;f;Somkhanda;8;SKBF50-47;47;10.041;13;Somiso;m;Ithala;fm;So_It;Ndl_Somi
NdSo14;NdSo14;13/8/2024;Ndlebe;Diceros_bicornis;Experiment;f;Somkhanda;8;SKBF50-48;48;8.801;14;Somiso;m;Ithala;fm;So_It;Ndl_Somi
NdSo15;NdSo15;14/8/2024;Ndlebe;Diceros_bicornis;Experiment;f;Somkhanda;8;SKBF50-49;49;8.162;15;Somiso;m;Ithala;fm;So_It;Ndl_Somi
NdTh1;NdTh1;31/7/2024;Ndlebe;Diceros_bicornis;Experiment;f;Somkhanda;8;SKBF50-35;35;9.313;1;TheRock;m;Thanda;fm;So_Th;Ndl_TheR
NdTh2;NdTh2;1/8/2024;Ndlebe;Diceros_bicornis;Experiment;f;Somkhanda;8;SKBF50-36;36;9.152;2;TheRock;m;Thanda;fm;So_Th;Ndl_TheR
NdTh3;NdTh3;2/8/2024;Ndlebe;Diceros_bicornis;Experiment;f;Somkhanda;8;SKBF50-37;37;8.694;3;TheRock;m;Thanda;fm;So_Th;Ndl_TheR
Ns1;Ns1;12/7/2024;Nsele;Diceros_bicornis;Baseline;m;Ithala;6;I150-18;18;8.582;;;;;;;
Ns10;Ns10;23/8/2024;Nsele;Diceros_bicornis;Baseline_2;m;Ithala;6;I150-60;60;8.657;;;;;;;
Ns11;Ns11;24/8/2024;Nsele;Diceros_bicornis;Baseline_2;m;Ithala;6;I150-61;61;11.816;;;;;;;
Ns2;Ns2;13/7/2024;Nsele;Diceros_bicornis;Baseline;m;Ithala;6;I150-19;19;8.438;;;;;;;
Ns3;Ns3;15/7/2024;Nsele;Diceros_bicornis;Baseline;m;Ithala;6;I150-21;21;8.564;;;;;;;
Ns4;Ns4;17/7/2024;Nsele;Diceros_bicornis;Baseline;m;Ithala;6;I150-23;23;9.694;;;;;;;
Ns5;Ns5;20/7/2024;Nsele;Diceros_bicornis;Baseline;m;Ithala;6;I150-26;26;8.217;;;;;;;
Ns6;Ns6;22/7/2024;Nsele;Diceros_bicornis;Baseline;m;Ithala;6;I150-28;28;8.853;;;;;;;
Ns7;Ns7;20/8/2024;Nsele;Diceros_bicornis;Baseline_2;m;Ithala;6;I150-57;57;8.991;;;;;;;
Ns8;Ns8;21/8/2024;Nsele;Diceros_bicornis;Baseline_2;m;Ithala;6;I150-58;58;8.059;;;;;;;
Ns9;Ns9;22/8/2024;Nsele;Diceros_bicornis;Baseline_2;m;Ithala;6;I150-59;59;6.948;;;;;;;
NsBi16;NsBi16;15/8/2024;Nsele;Diceros_bicornis;Experiment;m;Ithala;6;I150-52;52;6.216;16;Billie;f;Thanda;mf;It_Th;Nse_Bill
NsBi17;NsBi17;16/8/2024;Nsele;Diceros_bicornis;Experiment;m;Ithala;6;I150-53;53;7.446;17;Billie;f;Thanda;mf;It_Th;Nse_Bill
NsBi18;NsBi18;17/8/2024;Nsele;Diceros_bicornis;Experiment;m;Ithala;6;I150-54;54;7.688;18;Billie;f;Thanda;mf;It_Th;Nse_Bill
NsFa10;NsFa10;9/8/2024;Nsele;Diceros_bicornis;Experiment;m;Ithala;6;I150-46;46;7.892;10;FatAmy;f;Manyoni;mf;It_Ma;Nse_FatA
NsFa11;NsFa11;10/8/2024;Nsele;Diceros_bicornis;Experiment;m;Ithala;6;I150-47;47;8.963;11;FatAmy;f;Manyoni;mf;It_Ma;Nse_FatA
NsFa12;NsFa12;11/8/2024;Nsele;Diceros_bicornis;Experiment;m;Ithala;6;I150-48;48;9.064;12;FatAmy;f;Manyoni;mf;It_Ma;Nse_FatA
NsMs13;NsMs13;12/8/2024;Nsele;Diceros_bicornis;Experiment;m;Ithala;6;I150-49;49;9.006;13;Mshanelo;m;Ithala;mm;It_It;Nse_Msha
NsMs14;NsMs14;13/8/2024;Nsele;Diceros_bicornis;Experiment;m;Ithala;6;I150-50;50;9.499;14;Mshanelo;m;Ithala;mm;It_It;Nse_Msha
NsMs15;NsMs15;14/8/2024;Nsele;Diceros_bicornis;Experiment;m;Ithala;6;I150-51;51;6.239;15;Mshanelo;m;Ithala;mm;It_It;Nse_Msha
NsQa4;NsQa4;3/8/2024;Nsele;Diceros_bicornis;Experiment;m;Ithala;6;I150-40;40;7.764;4;Qaphela;f;Ithala;mf;It_It;Nse_Qaph
NsQa5;NsQa5;4/8/2024;Nsele;Diceros_bicornis;Experiment;m;Ithala;6;I150-41;41;7.685;5;Qaphela;f;Ithala;mf;It_It;Nse_Qaph
NsQa6;NsQa6;5/8/2024;Nsele;Diceros_bicornis;Experiment;m;Ithala;6;I150-42;42;8.633;6;Qaphela;f;Ithala;mf;It_It;Nse_Qaph
NsSo1;NsSo1;31/7/2024;Nsele;Diceros_bicornis;Experiment;m;Ithala;6;I150-37;37;8.832;1;Somiso;m;Ithala;mm;It_It;Nse_Somi
NsSo2;NsSo2;1/8/2024;Nsele;Diceros_bicornis;Experiment;m;Ithala;6;I150-38;38;8.409;2;Somiso;m;Ithala;mm;It_It;Nse_Somi
NsSo3;NsSo3;2/8/2024;Nsele;Diceros_bicornis;Experiment;m;Ithala;6;I150-39;39;8.738;3;Somiso;m;Ithala;mm;It_It;Nse_Somi
NsTh7;NsTh7;6/8/2024;Nsele;Diceros_bicornis;Experiment;m;Ithala;6;I150-43;43;8.357;7;TheRock;m;Thanda;mm;It_Th;Nse_TheR
NsTh8;NsTh8;7/8/2024;Nsele;Diceros_bicornis;Experiment;m;Ithala;6;I150-44;44;10.435;8;TheRock;m;Thanda;mm;It_Th;Nse_TheR
NsTh9;NsTh9;8/8/2024;Nsele;Diceros_bicornis;Experiment;m;Ithala;6;I150-45;45;8.322;9;TheRock;m;Thanda;mm;It_Th;Nse_TheR
Pe1;Pe1;;Pellet;Pellet;Plants;;;;Pe_1;;26.098;;;;;;;
Qa1;Qa1;13/7/2024;Qaphela;Diceros_bicornis;Baseline;f;Ithala;4;I164-20;20;8.577;;;;;;;
Qa2;Qa2;15/7/2024;Qaphela;Diceros_bicornis;Baseline;f;Ithala;4;I164-22;22;10.214;;;;;;;
Qa3;Qa3;17/7/2024;Qaphela;Diceros_bicornis;Baseline;f;Ithala;4;I164-24;24;9.926;;;;;;;
Qa4;Qa4;20/7/2024;Qaphela;Diceros_bicornis;Baseline;f;Ithala;4;I164-27;27;8.34;;;;;;;
Qa5;Qa5;22/7/2024;Qaphela;Diceros_bicornis;Baseline;f;Ithala;4;I164-29;29;8.061;;;;;;;
Qa6;Qa6;19/8/2024;Qaphela;Diceros_bicornis;Baseline_2;f;Ithala;4;I164-57;57;12.877;;;;;;;
Qa7;Qa7;23/8/2024;Qaphela;Diceros_bicornis;Baseline_2;f;Ithala;4;I164-61;61;11.272;;;;;;;
QaBi1;QaBi1;31/7/2024;Qaphela;Diceros_bicornis;Experiment;f;Ithala;4;I164-38;38;9.755;1;Billie;f;Thanda;ff;It_Th;Qap_Bill
QaBi2;QaBi2;1/8/2024;Qaphela;Diceros_bicornis;Experiment;f;Ithala;4;I164-39;39;9.286;2;Billie;f;Thanda;ff;It_Th;Qap_Bill
QaBi3;QaBi3;2/8/2024;Qaphela;Diceros_bicornis;Experiment;f;Ithala;4;I164-40;40;10.781;3;Billie;f;Thanda;ff;It_Th;Qap_Bill
QaJo13;QaJo13;12/8/2024;Qaphela;Diceros_bicornis;Experiment;f;Ithala;4;I164-50;50;8.256;13;Joko;f;Ithala;ff;It_It;Qap_Joko
QaJo14;QaJo14;13/8/2024;Qaphela;Diceros_bicornis;Experiment;f;Ithala;4;I164-51;51;10.032;14;Joko;f;Ithala;ff;It_It;Qap_Joko
QaJo15;QaJo15;14/8/2024;Qaphela;Diceros_bicornis;Experiment;f;Ithala;4;I164-52;52;6.255;15;Joko;f;Ithala;ff;It_It;Qap_Joko
QaMp16;QaMp16;15/8/2024;Qaphela;Diceros_bicornis;Experiment;f;Ithala;4;I164-53;53;7.85;16;Mpilo;m;Mpilo;fm;It_Mp;Qap_Mpil
QaNd7;QaNd7;6/8/2024;Qaphela;Diceros_bicornis;Experiment;f;Ithala;4;I164-44;44;8.71;7;Ndlebe;f;Somkhanda;ff;It_So;Qap_Ndle
QaNd8;QaNd8;7/8/2024;Qaphela;Diceros_bicornis;Experiment;f;Ithala;4;I164-45;45;9.874;8;Ndlebe;f;Somkhanda;ff;It_So;Qap_Ndle
QaNd9;QaNd9;8/8/2024;Qaphela;Diceros_bicornis;Experiment;f;Ithala;4;I164-46;46;9.933;9;Ndlebe;f;Somkhanda;ff;It_So;Qap_Ndle
QaNs4;QaNs4;3/8/2024;Qaphela;Diceros_bicornis;Experiment;f;Ithala;4;I164-41;41;8.999;4;Nsele;m;Ithala;fm;It_It;Qap_Nsel
QaNs5;QaNs5;4/8/2024;Qaphela;Diceros_bicornis;Experiment;f;Ithala;4;I164-42;42;8.467;5;Nsele;m;Ithala;fm;It_It;Qap_Nsel
QaNs6;QaNs6;5/8/2024;Qaphela;Diceros_bicornis;Experiment;f;Ithala;4;I164-43;43;8.21;6;Nsele;m;Ithala;fm;It_It;Qap_Nsel
QaTh10;QaTh10;9/8/2024;Qaphela;Diceros_bicornis;Experiment;f;Ithala;4;I164-47;47;9.333;10;TheRock;m;Thanda;fm;It_Th;Qap_TheR
QaTh11;QaTh11;10/8/2024;Qaphela;Diceros_bicornis;Experiment;f;Ithala;4;I164-48;48;11.712;11;TheRock;m;Thanda;fm;It_Th;Qap_TheR
QaTh12;QaTh12;11/8/2024;Qaphela;Diceros_bicornis;Experiment;f;Ithala;4;I164-49;49;8.598;12;TheRock;m;Thanda;fm;It_Th;Qap_TheR
So1;So1;13/7/2024;Somiso;Diceros_bicornis;Baseline;m;Ithala;6;I155-19;19;10.684;;;;;;;
So10;So10;24/8/2024;Somiso;Diceros_bicornis;Baseline_2;m;Ithala;6;I155-61;61;13.506;;;;;;;
So2;So2;15/7/2024;Somiso;Diceros_bicornis;Baseline;m;Ithala;6;I155-21;21;8.862;;;;;;;
So3;So3;17/7/2024;Somiso;Diceros_bicornis;Baseline;m;Ithala;6;I155-23;23;9.797;;;;;;;
So4;So4;20/7/2024;Somiso;Diceros_bicornis;Baseline;m;Ithala;6;I155-26;26;7.668;;;;;;;
So5;So5;22/7/2024;Somiso;Diceros_bicornis;Baseline;m;Ithala;6;I155-28;28;10.93;;;;;;;
So6;So6;20/8/2024;Somiso;Diceros_bicornis;Baseline_2;m;Ithala;6;I155-57;57;11.094;;;;;;;
So7;So7;21/8/2024;Somiso;Diceros_bicornis;Baseline_2;m;Ithala;6;I155-58;58;7.139;;;;;;;
So8;So8;22/8/2024;Somiso;Diceros_bicornis;Baseline_2;m;Ithala;6;I155-59;59;9.024;;;;;;;
So9;So9;23/8/2024;Somiso;Diceros_bicornis;Baseline_2;m;Ithala;6;I155-60;60;9.761;;;;;;;
SoFa13;SoFa13;12/8/2024;Somiso;Diceros_bicornis;Experiment;m;Ithala;6;I155-49;49;11.219;13;FatAmy;f;Manyoni;mf;It_Ma;Som_FatA
SoFa14;SoFa14;13/8/2024;Somiso;Diceros_bicornis;Experiment;m;Ithala;6;I155-50;50;8.508;14;FatAmy;f;Manyoni;mf;It_Ma;Som_FatA
SoFa15;SoFa15;14/8/2024;Somiso;Diceros_bicornis;Experiment;m;Ithala;6;I155-52;51;7.923;15;FatAmy;f;Manyoni;mf;It_Ma;Som_FatA
SoJo10;SoJo10;9/8/2024;Somiso;Diceros_bicornis;Experiment;m;Ithala;6;I155-46;46;7.88;10;Joko;f;Ithala;mf;It_It;Som_Joko
SoJo11;SoJo11;10/8/2024;Somiso;Diceros_bicornis;Experiment;m;Ithala;6;I155-47;47;9.295;11;Joko;f;Ithala;mf;It_It;Som_Joko
SoJo12;SoJo12;11/8/2024;Somiso;Diceros_bicornis;Experiment;m;Ithala;6;I155-48;48;9.687;12;Joko;f;Ithala;mf;It_It;Som_Joko
SoMp4;SoMp4;3/8/2024;Somiso;Diceros_bicornis;Experiment;m;Ithala;6;I155-40;40;8.235;4;Mpilo;m;Mpilo;mm;It_Mp;Som_Mpil
SoMp5;SoMp5;4/8/2024;Somiso;Diceros_bicornis;Experiment;m;Ithala;6;I155-41;41;9.398;5;Mpilo;m;Mpilo;mm;It_Mp;Som_Mpil
SoMp6;SoMp6;5/8/2024;Somiso;Diceros_bicornis;Experiment;m;Ithala;6;I155-42;42;8.819;6;Mpilo;m;Mpilo;mm;It_Mp;Som_Mpil
SoMs7;SoMs7;6/8/2024;Somiso;Diceros_bicornis;Experiment;m;Ithala;6;I155-43;43;9.007;7;Mshanelo;m;Ithala;mm;It_It;Som_Msha
SoMs8;SoMs8;7/8/2024;Somiso;Diceros_bicornis;Experiment;m;Ithala;6;I155-44;44;9.774;8;Mshanelo;m;Ithala;mm;It_It;Som_Msha
SoMs9;SoMs9;8/8/2024;Somiso;Diceros_bicornis;Experiment;m;Ithala;6;I155-45;45;8.295;9;Mshanelo;m;Ithala;mm;It_It;Som_Msha
SoNd1;SoNd1;31/7/2024;Somiso;Diceros_bicornis;Experiment;m;Ithala;6;I155-37;37;9.226;1;Ndlebe;f;Somkhanda;mf;It_So;Som_Ndle
SoNd2;SoNd2;1/8/2024;Somiso;Diceros_bicornis;Experiment;m;Ithala;6;I155-38;38;9.526;2;Ndlebe;f;Somkhanda;mf;It_So;Som_Ndle
SoNd3;SoNd3;2/8/2024;Somiso;Diceros_bicornis;Experiment;m;Ithala;6;I155-39;39;9.468;3;Ndlebe;f;Somkhanda;mf;It_So;Som_Ndle
SoTh16;SoTh16;15/8/2024;Somiso;Diceros_bicornis;Experiment;m;Ithala;6;I155-53;52;5.697;16;TheRock;m;Thanda;mm;It_Th;Som_TheR
SoTh17;SoTh17;16/8/2024;Somiso;Diceros_bicornis;Experiment;m;Ithala;6;I155-53;53;7.503;17;TheRock;m;Thanda;mm;It_Th;Som_TheR
SoTh18;SoTh18;17/8/2024;Somiso;Diceros_bicornis;Experiment;m;Ithala;6;I155-54;54;7.874;18;TheRock;m;Thanda;mm;It_Th;Som_TheR
T1;T1;5/8/2024;Spirostachis_africana;Spirostachis_africana;Plants;;;;Tamb-01;;4.832;;;;;;;
T2;T2;6/8/2024;Spirostachis_africana;Spirostachis_africana;Plants;;;;Tamb-02;;4.159;;;;;;;
T3;T3;7/8/2024;Spirostachis_africana;Spirostachis_africana;Plants;;;;Tamb-03;;5.776;;;;;;;
T4;T4;8/8/2024;Spirostachis_africana;Spirostachis_africana;Plants;;;;Tamb-04;;4.614;;;;;;;
T5;T5;14/8/2024;Spirostachis_africana;Spirostachis_africana;Plants;;;;Tamb-05;;4.287;;;;;;;
Th1;Th1;13/7/2024;TheRock;Diceros_bicornis;Baseline;m;Thanda;6;B192-11;11;10.815;;;;;;;
Th10;Th10;25/8/2024;TheRock;Diceros_bicornis;Baseline_2;m;Thanda;6;B192-54;54;10.76;;;;;;;
Th2;Th2;16/7/2024;TheRock;Diceros_bicornis;Baseline;m;Thanda;6;B192-14;14;10.895;;;;;;;
Th3;Th3;19/7/2024;TheRock;Diceros_bicornis;Baseline;m;Thanda;6;B192-17;17;8.791;;;;;;;
Th4;Th4;21/7/2024;TheRock;Diceros_bicornis;Baseline;m;Thanda;6;B192-19;19;9.749;;;;;;;
Th5;Th5;23/7/2024;TheRock;Diceros_bicornis;Baseline;m;Thanda;6;B192-21;21;10.233;;;;;;;
Th6;Th6;20/8/2024;TheRock;Diceros_bicornis;Baseline_2;m;Thanda;6;B192-49;49;12.214;;;;;;;
Th7;Th7;22/8/2024;TheRock;Diceros_bicornis;Baseline_2;m;Thanda;6;B192-51;51;13.15;;;;;;;
Th8;Th8;23/8/2024;TheRock;Diceros_bicornis;Baseline_2;m;Thanda;6;B192-52;52;9.815;;;;;;;
Th9;Th9;24/8/2024;TheRock;Diceros_bicornis;Baseline_2;m;Thanda;6;B192-53;53;14.13;;;;;;;
ThBi4;ThBi4;3/8/2024;TheRock;Diceros_bicornis;Experiment;m;Thanda;6;B192-32;32;8.012;4;Billie;f;Thanda;mf;Th_Th;The_Bill
ThBi5;ThBi5;4/8/2024;TheRock;Diceros_bicornis;Experiment;m;Thanda;6;B192-33;33;10.306;5;Billie;f;Thanda;mf;Th_Th;The_Bill
ThBi6;ThBi6;5/8/2024;TheRock;Diceros_bicornis;Experiment;m;Thanda;6;B192-34;34;9.965;6;Billie;f;Thanda;mf;Th_Th;The_Bill
ThMa7;ThMa7;6/8/2024;TheRock;Diceros_bicornis;Experiment;m;Thanda;6;B192-35;35;8.856;7;Mafukuzela;f;Ithala;mf;Th_It;The_Mafu
ThMa8;ThMa8;7/8/2024;TheRock;Diceros_bicornis;Experiment;m;Thanda;6;B192-36;36;9.109;8;Mafukuzela;f;Ithala;mf;Th_It;The_Mafu
ThMa9;ThMa9;8/8/2024;TheRock;Diceros_bicornis;Experiment;m;Thanda;6;B192-37;37;9.263;9;Mafukuzela;f;Ithala;mf;Th_It;The_Mafu
ThMp10;ThMp10;9/8/2024;TheRock;Diceros_bicornis;Experiment;m;Thanda;6;B192-38;38;9.768;10;Mpilo;m;Mpilo;mm;Th_Mp;The_Mpil
ThMp11;ThMp11;10/8/2024;TheRock;Diceros_bicornis;Experiment;m;Thanda;6;B192-39;39;10.503;11;Mpilo;m;Mpilo;mm;Th_Mp;The_Mpil
ThMp12;ThMp12;11/8/2024;TheRock;Diceros_bicornis;Experiment;m;Thanda;6;B192-40;40;9.514;12;Mpilo;m;Mpilo;mm;Th_Mp;The_Mpil
ThMs1;ThMs1;31/7/2024;TheRock;Diceros_bicornis;Experiment;m;Thanda;6;B192-29;29;8.94;1;Mshanelo;m;Ithala;mm;Th_It;The_Msha
ThMs2;ThMs2;1/8/2024;TheRock;Diceros_bicornis;Experiment;m;Thanda;6;B192-30;30;8.694;2;Mshanelo;m;Ithala;mm;Th_It;The_Msha
ThMs3;ThMs3;2/8/2024;TheRock;Diceros_bicornis;Experiment;m;Thanda;6;B192-31;31;10.041;3;Mshanelo;m;Ithala;mm;Th_It;The_Msha
ThNd16;ThNd16;15/8/2024;TheRock;Diceros_bicornis;Experiment;m;Thanda;6;B192-44;44;7.094;16;Ndlebe;f;Somkhanda;mf;Th_So;The_Ndle
ThNd17;ThNd17;16/8/2024;TheRock;Diceros_bicornis;Experiment;m;Thanda;6;B192-45;45;6.953;17;Ndlebe;f;Somkhanda;mf;Th_So;The_Ndle
ThNd18;ThNd18;17/8/2024;TheRock;Diceros_bicornis;Experiment;m;Thanda;6;B192-46;46;8.543;18;Ndlebe;f;Somkhanda;mf;Th_So;The_Ndle
ThNs13;ThNs13;12/8/2024;TheRock;Diceros_bicornis;Experiment;m;Thanda;6;B192-41;41;10.506;13;Nsele;m;Ithala;mm;Th_It;The_Nsel
ThNs14;ThNs14;13/8/2024;TheRock;Diceros_bicornis;Experiment;m;Thanda;6;B192-42;42;8.583;14;Nsele;m;Ithala;mm;Th_It;The_Nsel
ThNs15;ThNs15;14/8/2024;TheRock;Diceros_bicornis;Experiment;m;Thanda;6;B192-43;43;5.893;15;Nsele;m;Ithala;mm;Th_It;The_Nsel
